"datasetID","nombreInstitucion_snib","nombreColeccion_snib","cuerpoAgua_snib","isla_snib","pais_snib","validacionPais_snib","estadoProvincia_snib","validacionEstado_snib","condadoMunicipio_snib","validacionMunicipio_snib","validacionLocalidad_snib","datumGeodesico_snib","nombreCientifico_snib","nombreDeacuerdoCon_snib","nombrePublicadoEnAnio_snib","reino_snib","phylum_snib","clase_snib","orden_snib","familia_snib","genero_snib","subgenero_snib","epitetoespecifico_snib","epitetoinfraespecifico_snib","autoridadNombreCientifico_snib","estatusTaxonomico_snib"
"a6c133a9f3758775ed810e0006a0e2ee","Instituto de Investigaciones de Zonas Desérticas, Universidad Autónoma de San Luis Potosí","Herbario Isidro Palacios","","","MEXICO","VALIDO","NAYARIT","VALIDO","SAN BLAS","VALIDO","NO PROCESADO","","Acrostichum aureum","Velázquez Montes, 2018","1753","Plantae","Tracheophyta","Polypodiopsida","Polypodiales","Pteridaceae","Acrostichum","","aureum","","L., 1753","aceptado"
"9f276742820957b4f2231a942943f89e","Instituto de Investigaciones de Zonas Desérticas, Universidad Autónoma de San Luis Potosí","Herbario Isidro Palacios","","","MEXICO","VALIDO","NAYARIT","VALIDO","SAN BLAS","VALIDO","NO PROCESADO","","Bromelia pinguin","Espejo-Serna & López-Ferrari, 2018","1753","Plantae","Tracheophyta","Equisetopsida","Poales","Bromeliaceae","Bromelia","","pinguin","","L., 1753","aceptado"
"d7ca9af870c75f3906151c93889b2140","Instituto de Investigaciones de Zonas Desérticas, Universidad Autónoma de San Luis Potosí","Herbario Isidro Palacios","","","MEXICO","VALIDO","NAYARIT","VALIDO","SANTIAGO IXCUINTLA","VALIDO","NO PROCESADO","","Bromelia pinguin","Espejo-Serna & López-Ferrari, 2018","1753","Plantae","Tracheophyta","Equisetopsida","Poales","Bromeliaceae","Bromelia","","pinguin","","L., 1753","aceptado"
"6cb513212d4035564f76399f890ae947","Instituto de Investigaciones de Zonas Desérticas, Universidad Autónoma de San Luis Potosí","Herbario Isidro Palacios","","","MEXICO","VALIDO","NAYARIT","VALIDO","TECUALA","VALIDO","NO PROCESADO","","Bromelia pinguin","Espejo-Serna & López-Ferrari, 2018","1753","Plantae","Tracheophyta","Equisetopsida","Poales","Bromeliaceae","Bromelia","","pinguin","","L., 1753","aceptado"
"96c98a2db1b0ecc74a367c3df6828b93","Instituto de Investigaciones de Zonas Desérticas, Universidad Autónoma de San Luis Potosí","Herbario Isidro Palacios","","","MEXICO","VALIDO","NAYARIT","VALIDO","SAN BLAS","VALIDO","NO PROCESADO","","Batis maritima","Carnevali, Tapia-Muñoz, Duno de Stefano & Ramírez Morillo, 2010","1759","Plantae","Tracheophyta","Equisetopsida","Brassicales","Bataceae","Batis","","maritima","","L., 1759","aceptado"
"f5eea4e882df0e344e90879c1ca1c72b","Instituto de Investigaciones de Zonas Desérticas, Universidad Autónoma de San Luis Potosí","Herbario Isidro Palacios","","","MEXICO","VALIDO","NAYARIT","VALIDO","SANTIAGO IXCUINTLA","VALIDO","NO PROCESADO","","Batis maritima","Carnevali, Tapia-Muñoz, Duno de Stefano & Ramírez Morillo, 2010","1759","Plantae","Tracheophyta","Equisetopsida","Brassicales","Bataceae","Batis","","maritima","","L., 1759","aceptado"
"bf7c6bac35939fbb35f5b709787893ad","Instituto de Investigaciones de Zonas Desérticas, Universidad Autónoma de San Luis Potosí","Herbario Isidro Palacios","","","MEXICO","VALIDO","NAYARIT","VALIDO","SAN BLAS","VALIDO","NO PROCESADO","","Conocarpus erectus","Stace, 2010","1753","Plantae","Tracheophyta","Equisetopsida","Myrtales","Combretaceae","Conocarpus","","erectus","","L., 1753","aceptado"
"3b125a4f92579923283c6ab64b2f2b48","Instituto de Investigaciones de Zonas Desérticas, Universidad Autónoma de San Luis Potosí","Herbario Isidro Palacios","","","MEXICO","VALIDO","NAYARIT","VALIDO","SANTIAGO IXCUINTLA","VALIDO","NO PROCESADO","","Conocarpus erectus","Stace, 2010","1753","Plantae","Tracheophyta","Equisetopsida","Myrtales","Combretaceae","Conocarpus","","erectus","","L., 1753","aceptado"
"e96784d766952d53e637d543dced7dfe","Instituto de Investigaciones de Zonas Desérticas, Universidad Autónoma de San Luis Potosí","Herbario Isidro Palacios","","","MEXICO","VALIDO","NAYARIT","VALIDO","TECUALA","VALIDO","NO PROCESADO","","Conocarpus erectus","Stace, 2010","1753","Plantae","Tracheophyta","Equisetopsida","Myrtales","Combretaceae","Conocarpus","","erectus","","L., 1753","aceptado"
"fd16bdea7b5cfd8e31092c148e813bff","Instituto de Investigaciones de Zonas Desérticas, Universidad Autónoma de San Luis Potosí","Herbario Isidro Palacios","GOLFO DE CALIFORNIA","PANALES; ESTERO AGUA BRAVA","MEXICO","VALIDO","NAYARIT","VALIDO","TECUALA","VALIDO","NO PROCESADO","","Conocarpus erectus","Stace, 2010","1753","Plantae","Tracheophyta","Equisetopsida","Myrtales","Combretaceae","Conocarpus","","erectus","","L., 1753","aceptado"
"ffe2033f4e6bdac6ca09ea625cec8194","Instituto de Investigaciones de Zonas Desérticas, Universidad Autónoma de San Luis Potosí","Herbario Isidro Palacios","GOLFO DE CALIFORNIA","PANALES; ESTERO AGUA BRAVA","MEXICO","VALIDO","NAYARIT","VALIDO","TECUALA","VALIDO","NO PROCESADO","","Conocarpus erectus var. sericeus","Stace, 2015","1828","Plantae","Tracheophyta","Equisetopsida","Myrtales","Combretaceae","Conocarpus","","erectus","sericeus","DC., 1828","sinónimo"
"cfea21d1a319afb1b347210c4bcf1400","Instituto de Investigaciones de Zonas Desérticas, Universidad Autónoma de San Luis Potosí","Herbario Isidro Palacios","","","MEXICO","VALIDO","NAYARIT","VALIDO","SANTIAGO IXCUINTLA","VALIDO","NO PROCESADO","","Sesuvium portulacastrum","Knapp, 2009","1759","Plantae","Tracheophyta","Equisetopsida","Caryophyllales","Aizoaceae","Sesuvium","","portulacastrum","","(L.) L., 1759","aceptado"
"cad1f728bfba3100b26f696928b1e0a5","Instituto de Investigaciones de Zonas Desérticas, Universidad Autónoma de San Luis Potosí","Herbario Isidro Palacios","","","MEXICO","VALIDO","NAYARIT","VALIDO","SAN BLAS","VALIDO","NO PROCESADO","","Sesuvium portulacastrum","Knapp, 2009","1759","Plantae","Tracheophyta","Equisetopsida","Caryophyllales","Aizoaceae","Sesuvium","","portulacastrum","","(L.) L., 1759","aceptado"
"e8e3af2047d626e3bd02739c32a1d203","Instituto de Investigaciones de Zonas Desérticas, Universidad Autónoma de San Luis Potosí","Herbario Isidro Palacios","","","MEXICO","VALIDO","NAYARIT","VALIDO","SANTIAGO IXCUINTLA","VALIDO","NO PROCESADO","","Acanthocereus occidentalis","Korotkova, Aquino, Arias, Eggli, Frank, Gómez-Hinostrosa, Guerrero, Hernández, Kohlbecker, Köhler et al., 2021","1920","Plantae","Tracheophyta","Equisetopsida","Caryophyllales","Cactaceae","Acanthocereus","","occidentalis","","Britton & Rose, 1920","sinónimo"
"22cda3c3e513ea2629e7a10eb3a8c77b","Instituto de Investigaciones de Zonas Desérticas, Universidad Autónoma de San Luis Potosí","Herbario Isidro Palacios","","","MEXICO","VALIDO","NAYARIT","VALIDO","SANTIAGO IXCUINTLA","VALIDO","NO PROCESADO","","Laguncularia racemosa","Stace, 2015","1807","Plantae","Tracheophyta","Equisetopsida","Myrtales","Combretaceae","Laguncularia","","racemosa","","(L.) C.F. Gaertn., 1807","aceptado"
"b12f8ed9c74cc7e7fd5aae09bf21f159","Instituto de Investigaciones de Zonas Desérticas, Universidad Autónoma de San Luis Potosí","Herbario Isidro Palacios","","","MEXICO","VALIDO","NAYARIT","VALIDO","TECUALA","VALIDO","NO PROCESADO","","Laguncularia racemosa","Stace, 2015","1807","Plantae","Tracheophyta","Equisetopsida","Myrtales","Combretaceae","Laguncularia","","racemosa","","(L.) C.F. Gaertn., 1807","aceptado"
"61d90788a42afbab26c78d620cd34589","Instituto de Investigaciones de Zonas Desérticas, Universidad Autónoma de San Luis Potosí","Herbario Isidro Palacios","","","MEXICO","VALIDO","NAYARIT","VALIDO","SANTIAGO IXCUINTLA","VALIDO","NO PROCESADO","","Entadopsis polystachya","Tropicos, 2018","1928","Plantae","Tracheophyta","Equisetopsida","Fabales","Fabaceae","Entadopsis","","polystachya","","(L.) Britton, 1928","sinónimo"
"8723da72aeab09334527bc2d3ac41b29","Instituto de Investigaciones de Zonas Desérticas, Universidad Autónoma de San Luis Potosí","Herbario Isidro Palacios","","","MEXICO","VALIDO","NAYARIT","VALIDO","TECUALA","VALIDO","NO PROCESADO","","Entadopsis polystachya","Tropicos, 2018","1928","Plantae","Tracheophyta","Equisetopsida","Fabales","Fabaceae","Entadopsis","","polystachya","","(L.) Britton, 1928","sinónimo"
"8063bf0babbef4cb0fdc86864496af9d","Instituto de Investigaciones de Zonas Desérticas, Universidad Autónoma de San Luis Potosí","Herbario Isidro Palacios","LAGUNA","","MEXICO","VALIDO","NAYARIT","VALIDO","SANTIAGO IXCUINTLA","VALIDO","NO PROCESADO","","Avicennia germinans","Daniel, 2012","1764","Plantae","Tracheophyta","Equisetopsida","Lamiales","Acanthaceae","Avicennia","","germinans","","(L.) L., 1764","aceptado"
"acd4f224cf10832e1a599d5a24a2b109","Instituto de Investigaciones de Zonas Desérticas, Universidad Autónoma de San Luis Potosí","Herbario Isidro Palacios","","","MEXICO","VALIDO","NAYARIT","VALIDO","SAN BLAS","VALIDO","NO PROCESADO","","Avicennia germinans","Daniel, 2012","1764","Plantae","Tracheophyta","Equisetopsida","Lamiales","Acanthaceae","Avicennia","","germinans","","(L.) L., 1764","aceptado"
"0809f03779bd8e73ca1a64d208b4b04d","Instituto de Investigaciones de Zonas Desérticas, Universidad Autónoma de San Luis Potosí","Herbario Isidro Palacios","","","MEXICO","VALIDO","NAYARIT","VALIDO","TECUALA","VALIDO","NO PROCESADO","","Avicennia germinans","Daniel, 2012","1764","Plantae","Tracheophyta","Equisetopsida","Lamiales","Acanthaceae","Avicennia","","germinans","","(L.) L., 1764","aceptado"
"8ac52585a841296bb708576433c8ffbe","Instituto de Investigaciones de Zonas Desérticas, Universidad Autónoma de San Luis Potosí","Herbario Isidro Palacios","LAGUNA","","MEXICO","VALIDO","NAYARIT","VALIDO","SANTIAGO IXCUINTLA","VALIDO","NO PROCESADO","","Rhizophora mangle","Fonseca, 2005","1753","Plantae","Tracheophyta","Equisetopsida","Malpighiales","Rhizophoraceae","Rhizophora","","mangle","","L., 1753","aceptado"
"8122c9d2d400c50909a5aa754f7d5c8d","Instituto de Investigaciones de Zonas Desérticas, Universidad Autónoma de San Luis Potosí","Herbario Isidro Palacios","","","MEXICO","VALIDO","NAYARIT","VALIDO","SAN BLAS","VALIDO","NO PROCESADO","","Rhizophora mangle","Fonseca, 2005","1753","Plantae","Tracheophyta","Equisetopsida","Malpighiales","Rhizophoraceae","Rhizophora","","mangle","","L., 1753","aceptado"
"705e04c7dc5f3aeb55dadc050757179a","Instituto de Investigaciones de Zonas Desérticas, Universidad Autónoma de San Luis Potosí","Herbario Isidro Palacios","","","MEXICO","VALIDO","NAYARIT","VALIDO","TECUALA","VALIDO","NO PROCESADO","","Rhizophora mangle","Fonseca, 2005","1753","Plantae","Tracheophyta","Equisetopsida","Malpighiales","Rhizophoraceae","Rhizophora","","mangle","","L., 1753","aceptado"
"ad2217e1419448d260598a52ee3ed64c","Instituto de Investigaciones de Zonas Desérticas, Universidad Autónoma de San Luis Potosí","Herbario Isidro Palacios","","","MEXICO","VALIDO","NAYARIT","VALIDO","SAN BLAS","VALIDO","NO PROCESADO","","Pithecellobium lanceolatum","Rico, 2017","1846","Plantae","Tracheophyta","Equisetopsida","Fabales","Fabaceae","Pithecellobium","","lanceolatum","","(Willd.) Benth., 1846","aceptado"
"8bb0bcd54d869d9e9c9bfcec6213d0eb","Instituto de Investigaciones de Zonas Desérticas, Universidad Autónoma de San Luis Potosí","Herbario Isidro Palacios","","","MEXICO","VALIDO","NAYARIT","VALIDO","SANTIAGO IXCUINTLA","VALIDO","NO PROCESADO","","Pithecellobium lanceolatum","Rico, 2017","1846","Plantae","Tracheophyta","Equisetopsida","Fabales","Fabaceae","Pithecellobium","","lanceolatum","","(Willd.) Benth., 1846","aceptado"
"4bff8613f12c864f440984920f62d3ab","Instituto de Investigaciones de Zonas Desérticas, Universidad Autónoma de San Luis Potosí","Herbario Isidro Palacios","","","MEXICO","VALIDO","NAYARIT","VALIDO","SAN BLAS","VALIDO","NO PROCESADO","","Hymenocallis littoralis","García-Mendoza, 2013","1812","Plantae","Tracheophyta","Equisetopsida","Asparagales","Amaryllidaceae","Hymenocallis","","littoralis","","(Jacq.) Salisb., 1812","aceptado"
"65de441069e43f39642b309e978768ce","Instituto de Investigaciones de Zonas Desérticas, Universidad Autónoma de San Luis Potosí","Herbario Isidro Palacios","","","MEXICO","VALIDO","NAYARIT","VALIDO","TECUALA","VALIDO","NO PROCESADO","","Hymenocallis littoralis","García-Mendoza, 2013","1812","Plantae","Tracheophyta","Equisetopsida","Asparagales","Amaryllidaceae","Hymenocallis","","littoralis","","(Jacq.) Salisb., 1812","aceptado"
"278732fa93d9451fde205bf1417eb3b7","Instituto de Investigaciones de Zonas Desérticas, Universidad Autónoma de San Luis Potosí","Herbario Isidro Palacios","","","MEXICO","VALIDO","NAYARIT","VALIDO","TECUALA","VALIDO","NO PROCESADO","","Tillandsia paucifolia","Espejo-Serna & López-Ferrari, 2018","1878","Plantae","Tracheophyta","Equisetopsida","Poales","Bromeliaceae","Tillandsia","","paucifolia","","Baker, 1878","aceptado"
"b383088dd873db9bbbd133bf7a16c8e0","Instituto de Investigaciones de Zonas Desérticas, Universidad Autónoma de San Luis Potosí","Herbario Isidro Palacios","","","MEXICO","VALIDO","NAYARIT","VALIDO","TECUALA","VALIDO","NO PROCESADO","","Tillandsia recurvata","Espejo-Serna & López-Ferrari, 2018","1762","Plantae","Tracheophyta","Equisetopsida","Poales","Bromeliaceae","Tillandsia","","recurvata","","(L.) L., 1762","aceptado"
"02e7f0f5c9bc6c9534f60bbb080e5feb","Instituto de Investigaciones de Zonas Desérticas, Universidad Autónoma de San Luis Potosí","Herbario Isidro Palacios","","","MEXICO","VALIDO","NAYARIT","VALIDO","SANTIAGO IXCUINTLA","VALIDO","NO PROCESADO","","Cyperus articulatus","González-Elizondo, Reznicek & Tena-Flores, 2018","1753","Plantae","Tracheophyta","Equisetopsida","Poales","Cyperaceae","Cyperus","","articulatus","","L., 1753","aceptado"
"f8d3652c12a402a112ab5595e8bc04f4","Instituto de Investigaciones de Zonas Desérticas, Universidad Autónoma de San Luis Potosí","Herbario Isidro Palacios","","","MEXICO","VALIDO","NAYARIT","VALIDO","SAN BLAS","VALIDO","NO PROCESADO","","Prosopis juliflora","Hernández, Ricker, Rodríguez Rivera, Castillo Santiago, Hernández Juárez & Hernández, 2020","1825","Plantae","Tracheophyta","Equisetopsida","Fabales","Fabaceae","Prosopis","","juliflora","","(Sw.) DC., 1825","aceptado"
"9cb28f570cc4751c1493d18ba4449f31","Instituto de Investigaciones de Zonas Desérticas, Universidad Autónoma de San Luis Potosí","Herbario Isidro Palacios","","","MEXICO","VALIDO","NAYARIT","VALIDO","SAN BLAS","VALIDO","NO PROCESADO","","Ampelopsis mexicana","Lombardi, 2010","1903","Plantae","Tracheophyta","Equisetopsida","Vitales","Vitaceae","Ampelopsis","","mexicana","","Rose, 1903","sinónimo"
"352754de01360bb6290d4e5d2e81ceb5","Instituto de Investigaciones de Zonas Desérticas, Universidad Autónoma de San Luis Potosí","Herbario Isidro Palacios","","","MEXICO","VALIDO","NAYARIT","VALIDO","SANTIAGO IXCUINTLA","VALIDO","NO PROCESADO","","Achatocarpus gracilis","Cué, Villaseñor, Arredondo, Cornejo & Ibarra, 2006","1909","Plantae","Tracheophyta","Equisetopsida","Caryophyllales","Achatocarpaceae","Achatocarpus","","gracilis","","H. Walter, 1909","aceptado"
"cf067e88a8e982d94a2d770572d8fc1f","Instituto de Investigaciones de Zonas Desérticas, Universidad Autónoma de San Luis Potosí","Herbario Isidro Palacios","","","MEXICO","VALIDO","NAYARIT","VALIDO","SANTIAGO IXCUINTLA","VALIDO","NO PROCESADO","","Momordica charantia","Lira & Rodríguez-Arévalo, 2006","1753","Plantae","Tracheophyta","Equisetopsida","Cucurbitales","Cucurbitaceae","Momordica","","charantia","","L., 1753","aceptado"
"0435b10c7991ebc28e6baba017a2c67a","Instituto de Investigaciones de Zonas Desérticas, Universidad Autónoma de San Luis Potosí","Herbario Isidro Palacios","","","MEXICO","VALIDO","NAYARIT","VALIDO","SANTIAGO IXCUINTLA","VALIDO","NO PROCESADO","","Lycium carolinianum var. quadrifidum","Bernardello & Chiang-Cabrera, 1998","1932","Plantae","Tracheophyta","Equisetopsida","Solanales","Solanaceae","Lycium","","carolinianum","quadrifidum","(Moc. & Sessé ex Dunal) C.L. Hitchc., 1932","aceptado"
"0bc65497046144443885e3e2b3c1af8c","Instituto de Investigaciones de Zonas Desérticas, Universidad Autónoma de San Luis Potosí","Herbario Isidro Palacios","","","MEXICO","VALIDO","NAYARIT","VALIDO","SANTIAGO IXCUINTLA","VALIDO","NO PROCESADO","","Ziziphus amole","Hauenschild, Matuszak, Muellner-Riehl & Favre, 2016","1963","Plantae","Tracheophyta","Equisetopsida","Rosales","Rhamnaceae","Ziziphus","","amole","","(Sessé & Moc.) M.C. Johnst., 1963","sinónimo"
"fb26ad8039a07db700b880fcdbae60a4","Instituto de Investigaciones de Zonas Desérticas, Universidad Autónoma de San Luis Potosí","Herbario Isidro Palacios","","","MEXICO","VALIDO","NAYARIT","VALIDO","SANTIAGO IXCUINTLA","VALIDO","NO PROCESADO","","Cyperus odoratus","González-Elizondo, Reznicek & Tena-Flores, 2018","1753","Plantae","Tracheophyta","Equisetopsida","Poales","Cyperaceae","Cyperus","","odoratus","","L., 1753","aceptado"
"eec986137f2961b0ddba3df73b0cfb54","Instituto de Investigaciones de Zonas Desérticas, Universidad Autónoma de San Luis Potosí","Herbario Isidro Palacios","","","MEXICO","VALIDO","NAYARIT","VALIDO","SANTIAGO IXCUINTLA","VALIDO","NO PROCESADO","","Eleocharis mutata","González-Elizondo, Reznicek & Tena-Flores, 2018","1817","Plantae","Tracheophyta","Equisetopsida","Poales","Cyperaceae","Eleocharis","","mutata","","(L.) Roem. & Schult., 1817","aceptado"
"64bbe358520c88ecdfffe4c85cb41a37","Instituto de Investigaciones de Zonas Desérticas, Universidad Autónoma de San Luis Potosí","Herbario Isidro Palacios","","","MEXICO","VALIDO","NAYARIT","VALIDO","TECUALA","VALIDO","NO PROCESADO","","Eriochloa aristata","Dávila, Mejía-Saulés, Soriano-Martínez & Herrera-Arrieta, 2018","1886","Plantae","Tracheophyta","Equisetopsida","Poales","Poaceae","Eriochloa","","aristata","","Vasey, 1886","aceptado"
"947daf23d8c68462351e6396ab8e042d","Instituto de Investigaciones de Zonas Desérticas, Universidad Autónoma de San Luis Potosí","Herbario Isidro Palacios","","","MEXICO","VALIDO","NAYARIT","VALIDO","SANTIAGO IXCUINTLA","VALIDO","NO PROCESADO","","Lasiacis ruscifolia","Dávila, Mejía-Saulés, Soriano-Martínez & Herrera-Arrieta, 2018","1911","Plantae","Tracheophyta","Equisetopsida","Poales","Poaceae","Lasiacis","","ruscifolia","","(Kunth) Hitchc., 1911","aceptado"
"b4366cc5c88c329f21776c60d91ca88c","Instituto de Investigaciones de Zonas Desérticas, Universidad Autónoma de San Luis Potosí","Herbario Isidro Palacios","GOLFO DE CALIFORNIA","PANALES; ESTERO AGUA BRAVA","MEXICO","VALIDO","NAYARIT","VALIDO","TECUALA","VALIDO","NO PROCESADO","","Fimbristylis spadicea","González-Elizondo, Reznicek & Tena-Flores, 2018","1805","Plantae","Tracheophyta","Equisetopsida","Poales","Cyperaceae","Fimbristylis","","spadicea","","(L.) Vahl, 1805","aceptado"
"4519f74a6cc2b8e12b0cb96c33d85155","Instituto de Investigaciones de Zonas Desérticas, Universidad Autónoma de San Luis Potosí","Herbario Isidro Palacios","GOLFO DE CALIFORNIA","PANALES; ESTERO AGUA BRAVA","MEXICO","VALIDO","NAYARIT","VALIDO","TECUALA","VALIDO","NO PROCESADO","","Plumeria rubra","Juárez-Jaimes, Alvarado-Cárdenas & Villaseñor, 2007","1753","Plantae","Tracheophyta","Equisetopsida","Gentianales","Apocynaceae","Plumeria","","rubra","","L., 1753","aceptado"
"654c1233f8a50c39b9089e7a8e664df8","Instituto de Investigaciones de Zonas Desérticas, Universidad Autónoma de San Luis Potosí","Herbario Isidro Palacios","GOLFO DE CALIFORNIA","PANALES; ESTERO AGUA BRAVA","MEXICO","VALIDO","NAYARIT","VALIDO","TECUALA","VALIDO","NO PROCESADO","","Bursera simaruba","Rzedowski, Medina & Calderón, 2005","1890","Plantae","Tracheophyta","Equisetopsida","Sapindales","Burseraceae","Bursera","","simaruba","","(L.) Sarg., 1890","aceptado"
"35834d56af020a50969adc58d9686beb","Instituto de Investigaciones de Zonas Desérticas, Universidad Autónoma de San Luis Potosí","Herbario Isidro Palacios","GOLFO DE CALIFORNIA","PANALES; ESTERO AGUA BRAVA","MEXICO","VALIDO","NAYARIT","VALIDO","TECUALA","VALIDO","NO PROCESADO","","Acacia acatlensis","Hernández, Ricker, Rodríguez Rivera, Castillo Santiago, Hernández Juárez & Hernández, 2020","1842","Plantae","Tracheophyta","Equisetopsida","Fabales","Fabaceae","Acacia","","acatlensis","","Benth., 1842","aceptado"
"75e61ecd5dd11f84acb9a8e02fe9f327","Instituto de Investigaciones de Zonas Desérticas, Universidad Autónoma de San Luis Potosí","Herbario Isidro Palacios","","","MEXICO","VALIDO","NAYARIT","VALIDO","TECUALA","VALIDO","NO PROCESADO","","Ziziphus amole","Hauenschild, Matuszak, Muellner-Riehl & Favre, 2016","1963","Plantae","Tracheophyta","Equisetopsida","Rosales","Rhamnaceae","Ziziphus","","amole","","(Sessé & Moc.) M.C. Johnst., 1963","sinónimo"
"35fdc79796d8f03c625b9d8c1db7417f","Instituto de Investigaciones de Zonas Desérticas, Universidad Autónoma de San Luis Potosí","Herbario Isidro Palacios","","","MEXICO","VALIDO","NAYARIT","VALIDO","TECUALA","VALIDO","NO PROCESADO","","Luffa operculata","Lira & Rodríguez-Arévalo, 2006","1878","Plantae","Tracheophyta","Equisetopsida","Cucurbitales","Cucurbitaceae","Luffa","","operculata","","(L.) Cogn., 1878","aceptado"
"d3152aea261db77199e35880d8833942","Instituto de Investigaciones de Zonas Desérticas, Universidad Autónoma de San Luis Potosí","Herbario Isidro Palacios","","","MEXICO","VALIDO","NAYARIT","VALIDO","SAN BLAS","VALIDO","NO PROCESADO","","Entadopsis polystachya","Tropicos, 2018","1928","Plantae","Tracheophyta","Equisetopsida","Fabales","Fabaceae","Entadopsis","","polystachya","","(L.) Britton, 1928","sinónimo"
"94bf8f997d67ee68f3dbbaaaa97521e8","Instituto de Investigaciones de Zonas Desérticas, Universidad Autónoma de San Luis Potosí","Herbario Isidro Palacios","","","MEXICO","VALIDO","NAYARIT","VALIDO","SAN BLAS","VALIDO","NO PROCESADO","","Hibiscus pernambucensis","Fryxell, 2012","1810","Plantae","Tracheophyta","Equisetopsida","Malvales","Malvaceae","Hibiscus","","pernambucensis","","Arruda, 1810","aceptado"
"af7a826596dcdde5bf349d61a61c064a","Instituto de Investigaciones de Zonas Desérticas, Universidad Autónoma de San Luis Potosí","Herbario Isidro Palacios","","","MEXICO","VALIDO","NAYARIT","VALIDO","SAN BLAS","VALIDO","NO PROCESADO","","Solanum houstonii","Martínez, Vargas-Ponce, Rodríguez, Chiang & Ocegueda, 2017","1807","Plantae","Tracheophyta","Equisetopsida","Solanales","Solanaceae","Solanum","","houstonii","","Martyn, 1807","aceptado"
"98951184b437a99c039db3ca3760e34b","Instituto de Investigaciones de Zonas Desérticas, Universidad Autónoma de San Luis Potosí","Herbario Isidro Palacios","","","MEXICO","VALIDO","NAYARIT","VALIDO","SANTIAGO IXCUINTLA","VALIDO","NO PROCESADO","","Nymphaea elegans","Lot, 2011a","1851","Plantae","Tracheophyta","Equisetopsida","Nymphaeales","Nymphaeaceae","Nymphaea","","elegans","","Hook., 1851","aceptado"
"11ab6a7e0cfd35abdcdfe18a5a6b7076","Instituto de Investigaciones de Zonas Desérticas, Universidad Autónoma de San Luis Potosí","Herbario Isidro Palacios","","","MEXICO","VALIDO","NAYARIT","VALIDO","SAN BLAS","VALIDO","NO PROCESADO","","Nymphaea elegans","Lot, 2011a","1851","Plantae","Tracheophyta","Equisetopsida","Nymphaeales","Nymphaeaceae","Nymphaea","","elegans","","Hook., 1851","aceptado"
"7f1b84e197740e95590549928c3ed284","Instituto de Investigaciones de Zonas Desérticas, Universidad Autónoma de San Luis Potosí","Herbario Isidro Palacios","","","MEXICO","VALIDO","NAYARIT","VALIDO","SAN BLAS","VALIDO","NO PROCESADO","","Tillandsia caput-medusae","Espejo-Serna & López-Ferrari, 2018","1880","Plantae","Tracheophyta","Equisetopsida","Poales","Bromeliaceae","Tillandsia","","caput-medusae","","E. Morren, 1880","aceptado"
"7781be2f74153436dbcfeb9d40661af2","Instituto de Investigaciones de Zonas Desérticas, Universidad Autónoma de San Luis Potosí","Herbario Isidro Palacios","","","MEXICO","VALIDO","NAYARIT","VALIDO","SAN BLAS","VALIDO","NO PROCESADO","","Leptochloa aquatica","Dávila, Mejía-Saulés, Gómez-Sánchez, Valdés-Reyna, Ortíz, Morín, Castrejón & Ocampo, 2006","1901","Plantae","Tracheophyta","Equisetopsida","Poales","Poaceae","Leptochloa","","aquatica","","Scribn. & Merr., 1901","aceptado"
"cdd3a4732958deec252a6bae8dcc2c27","Instituto de Investigaciones de Zonas Desérticas, Universidad Autónoma de San Luis Potosí","Herbario Isidro Palacios","","","MEXICO","VALIDO","NAYARIT","VALIDO","SAN BLAS","VALIDO","NO PROCESADO","","Cyperus oxylepis","González-Elizondo, Reznicek & Tena-Flores, 2018","1854","Plantae","Tracheophyta","Equisetopsida","Poales","Cyperaceae","Cyperus","","oxylepis","","Nees ex Steud., 1854","aceptado"
"2e73f8133494e4f026ed6e0e2871d08a","Instituto de Investigaciones de Zonas Desérticas, Universidad Autónoma de San Luis Potosí","Herbario Isidro Palacios","","","MEXICO","VALIDO","NAYARIT","VALIDO","SAN BLAS","VALIDO","NO PROCESADO","","Batis maritima","Carnevali, Tapia-Muñoz, Duno de Stefano & Ramírez Morillo, 2010","1759","Plantae","Tracheophyta","Equisetopsida","Brassicales","Bataceae","Batis","","maritima","","L., 1759","aceptado"
"0558198b52d3a1f2d06221b6be07ae66","Instituto de Investigaciones de Zonas Desérticas, Universidad Autónoma de San Luis Potosí","Herbario Isidro Palacios","","","MEXICO","VALIDO","NAYARIT","VALIDO","SANTIAGO IXCUINTLA","VALIDO","NO PROCESADO","","Guazuma ulmifolia","Martínez-Salas, 2011a","1789","Plantae","Tracheophyta","Equisetopsida","Malvales","Malvaceae","Guazuma","","ulmifolia","","Lam., 1789","aceptado"
"be07e334f6d2493b6a267c841ac372f5","Instituto de Investigaciones de Zonas Desérticas, Universidad Autónoma de San Luis Potosí","Herbario Isidro Palacios","GOLFO DE CALIFORNIA","PANALES; ESTERO AGUA BRAVA","MEXICO","VALIDO","NAYARIT","VALIDO","TECUALA","VALIDO","NO PROCESADO","","Ceiba aesculifolia","Diego-Pérez & Gómez-Campos, 2013","1896","Plantae","Tracheophyta","Equisetopsida","Malvales","Malvaceae","Ceiba","","aesculifolia","","(Kunth) Britten & Baker f., 1896","aceptado"
"aae037fb3a382289b986ba447d1b9d63","Instituto de Investigaciones de Zonas Desérticas, Universidad Autónoma de San Luis Potosí","Herbario Isidro Palacios","","","MEXICO","VALIDO","NAYARIT","VALIDO","SAN BLAS","VALIDO","NO PROCESADO","","Davilla kunthii","Todzia & Aymard, 2011","1825","Plantae","Tracheophyta","Equisetopsida","Dilleniales","Dilleniaceae","Davilla","","kunthii","","A. St.-Hil., 1825","aceptado"
"14afd651f4bc4bac3d136b87fb3c6827","Instituto de Investigaciones de Zonas Desérticas, Universidad Autónoma de San Luis Potosí","Herbario Isidro Palacios","","","MEXICO","VALIDO","NAYARIT","VALIDO","SAN BLAS","VALIDO","NO PROCESADO","","Ardisia compressa","Ricketson & Pipoly, 2015","1819","Plantae","Tracheophyta","Equisetopsida","Ericales","Primulaceae","Ardisia","","compressa","","Kunth, 1819","aceptado"
"40c7a1280f4a80939628bb95f6317086","Instituto de Investigaciones de Zonas Desérticas, Universidad Autónoma de San Luis Potosí","Herbario Isidro Palacios","","","MEXICO","VALIDO","NAYARIT","VALIDO","SAN BLAS","VALIDO","NO PROCESADO","","Tillandsia fasciculata","Espejo-Serna & López-Ferrari, 2018","1788","Plantae","Tracheophyta","Equisetopsida","Poales","Bromeliaceae","Tillandsia","","fasciculata","","Sw., 1788","aceptado"
"3daf685688742f0fd1683d11e0887a1a","Instituto de Investigaciones de Zonas Desérticas, Universidad Autónoma de San Luis Potosí","Herbario Isidro Palacios","","","MEXICO","VALIDO","NAYARIT","VALIDO","SAN BLAS","VALIDO","NO PROCESADO","","Tillandsia caput-medusae","Espejo-Serna & López-Ferrari, 2018","1880","Plantae","Tracheophyta","Equisetopsida","Poales","Bromeliaceae","Tillandsia","","caput-medusae","","E. Morren, 1880","aceptado"
"5e23d77200ae7d31d2ae650d7108d8db","Instituto de Investigaciones de Zonas Desérticas, Universidad Autónoma de San Luis Potosí","Herbario Isidro Palacios","","","MEXICO","VALIDO","NAYARIT","VALIDO","SAN BLAS","VALIDO","NO PROCESADO","","Aechmea bracteata","Espejo-Serna & López-Ferrari, 2018","1864","Plantae","Tracheophyta","Equisetopsida","Poales","Bromeliaceae","Aechmea","","bracteata","","(Sw.) Griseb., 1864","aceptado"
"ed3eb2918e2ce13597079621aac755b4","Instituto de Investigaciones de Zonas Desérticas, Universidad Autónoma de San Luis Potosí","Herbario Isidro Palacios","","","MEXICO","VALIDO","NAYARIT","VALIDO","SAN BLAS","VALIDO","NO PROCESADO","","Nephrolepis exaltata","Mickel & Smith, 2004","1834","Plantae","Tracheophyta","Polypodiopsida","Polypodiales","Nephrolepidaceae","Nephrolepis","","exaltata","","(L.) Schott, 1834","aceptado"
"c38cc8220680782169d9fe02762184ae","Instituto de Investigaciones de Zonas Desérticas, Universidad Autónoma de San Luis Potosí","Herbario Isidro Palacios","","","MEXICO","VALIDO","NAYARIT","VALIDO","SAN BLAS","VALIDO","NO PROCESADO","","Mikania cordifolia","Pruski & Robinson, 2018","1803","Plantae","Tracheophyta","Equisetopsida","Asterales","Asteraceae","Mikania","","cordifolia","","(L. f.) Willd., 1803","aceptado"
"6b179b892a643695030ff7ab6393a346","Instituto de Investigaciones de Zonas Desérticas, Universidad Autónoma de San Luis Potosí","Herbario Isidro Palacios","","","MEXICO","VALIDO","NAYARIT","VALIDO","SAN BLAS","VALIDO","NO PROCESADO","","Combretum fruticosum","Stace, 2015","1914","Plantae","Tracheophyta","Equisetopsida","Myrtales","Combretaceae","Combretum","","fruticosum","","(Loefl.) Stuntz, 1914","aceptado"
"d84ded19ac8f2449f067a2f9fda6eb99","Instituto de Investigaciones de Zonas Desérticas, Universidad Autónoma de San Luis Potosí","Herbario Isidro Palacios","","","MEXICO","VALIDO","NAYARIT","VALIDO","SAN BLAS","VALIDO","NO PROCESADO","","Cyperus odoratus","González-Elizondo, Reznicek & Tena-Flores, 2018","1753","Plantae","Tracheophyta","Equisetopsida","Poales","Cyperaceae","Cyperus","","odoratus","","L., 1753","aceptado"
"3f2ef4bbc9f876152b4a18035f6306e0","Instituto de Investigaciones de Zonas Desérticas, Universidad Autónoma de San Luis Potosí","Herbario Isidro Palacios","","","MEXICO","VALIDO","NAYARIT","VALIDO","SAN BLAS","VALIDO","NO PROCESADO","","Phyllanthus elsiae","Martínez-Gordillo, Jiménez-Ramírez, Cruz-Durán, Juárez-Arriaga, García, Cervantes & Mejía-Hernández, 2002","1919","Plantae","Tracheophyta","Equisetopsida","Malpighiales","Phyllanthaceae","Phyllanthus","","elsiae","","Urb., 1919","aceptado"
"70f20f32e1d029676086b2d3c67cc975","Instituto de Investigaciones de Zonas Desérticas, Universidad Autónoma de San Luis Potosí","Herbario Isidro Palacios","","","MEXICO","VALIDO","NAYARIT","VALIDO","SAN BLAS","VALIDO","NO PROCESADO","","Solanum houstonii","Martínez, Vargas-Ponce, Rodríguez, Chiang & Ocegueda, 2017","1807","Plantae","Tracheophyta","Equisetopsida","Solanales","Solanaceae","Solanum","","houstonii","","Martyn, 1807","aceptado"
"495c6d9e510420d8218369e477c76ab0","Instituto de Investigaciones de Zonas Desérticas, Universidad Autónoma de San Luis Potosí","Herbario Isidro Palacios","","","MEXICO","VALIDO","NAYARIT","VALIDO","SAN BLAS","VALIDO","NO PROCESADO","","Egletes liebmannii","Pruski & Robinson, 2018","1887","Plantae","Tracheophyta","Equisetopsida","Asterales","Asteraceae","Egletes","","liebmannii","","Sch. Bip., 1887","aceptado"
"c2d570fa7cd970cf4da3eaa42dcf2265","Instituto de Investigaciones de Zonas Desérticas, Universidad Autónoma de San Luis Potosí","Herbario Isidro Palacios","","","MEXICO","VALIDO","NAYARIT","VALIDO","SAN BLAS","VALIDO","NO PROCESADO","","Attalea cohune","Henderson, 2020","1844","Plantae","Tracheophyta","Equisetopsida","Arecales","Arecaceae","Attalea","","cohune","","Mart., 1844","aceptado"
"a1e3acc5dab5813fc63cfaf9be5506a0","Instituto de Investigaciones de Zonas Desérticas, Universidad Autónoma de San Luis Potosí","Herbario Isidro Palacios","","","MEXICO","VALIDO","NAYARIT","VALIDO","SAN BLAS","VALIDO","NO PROCESADO","","Guazuma ulmifolia","Martínez-Salas, 2011a","1789","Plantae","Tracheophyta","Equisetopsida","Malvales","Malvaceae","Guazuma","","ulmifolia","","Lam., 1789","aceptado"
"678c74e8d79a2df3d14fee21fa4acce3","Instituto de Investigaciones de Zonas Desérticas, Universidad Autónoma de San Luis Potosí","Herbario Isidro Palacios","","","MEXICO","VALIDO","NAYARIT","VALIDO","SAN BLAS","VALIDO","NO PROCESADO","","Solanum diphyllum","Martínez, Vargas-Ponce, Rodríguez, Chiang & Ocegueda, 2017","1753","Plantae","Tracheophyta","Equisetopsida","Solanales","Solanaceae","Solanum","Solanum","diphyllum","","L., 1753","aceptado"
"ed2bb99137f235fa9e75431ae26c6284","Universidad Autónoma Chapingo","Herbario","","",,,,,,,,"","","","","","","","","","","","","","",
"cbfa97ff01bf2637f577904d694c7c4c","Universidad Autónoma Chapingo","Herbario","","","MEXICO","VALIDO","NAYARIT","VALIDO","SAN BLAS","VALIDO","NO PROCESADO","","Acrostichum aureum","Velázquez Montes, 2018","1753","Plantae","Tracheophyta","Polypodiopsida","Polypodiales","Pteridaceae","Acrostichum","","aureum","","L., 1753","aceptado"
"dee651563c8202d6040b180e71238d85","Universidad Autónoma Chapingo","Herbario","","","MEXICO","VALIDO","NAYARIT","VALIDO","SAN BLAS","VALIDO","NO PROCESADO","","Phyllanthus elsiae","Martínez-Gordillo, Jiménez-Ramírez, Cruz-Durán, Juárez-Arriaga, García, Cervantes & Mejía-Hernández, 2002","1919","Plantae","Tracheophyta","Equisetopsida","Malpighiales","Phyllanthaceae","Phyllanthus","","elsiae","","Urb., 1919","aceptado"
"c414be390c4171db4994cd1903e2682d","Universidad Autónoma Chapingo","Herbario","","",,,,,,,,"","","","","","","","","","","","","","",
"00097cd582d07db2cf66bc8bb50257b9","Universidad Autónoma Chapingo","Herbario","","",,,,,,,,"","","","","","","","","","","","","","",
"697ec731092c68667b3d28549ebcceb5","Universidad Autónoma Chapingo","Herbario","","",,,,,,,,"","","","","","","","","","","","","","",
"3438e009ca96dcc0153b48bc755e84f1","Universidad Autónoma Chapingo","Herbario","","",,,,,,,,"","Fimbristylis spadicea","González-Elizondo, Reznicek & Tena-Flores, 2018","1805","Plantae","Tracheophyta","Equisetopsida","Poales","Cyperaceae","Fimbristylis","","spadicea","","(L.) Vahl, 1805","aceptado"
"8410aadecb42875579978768784f5cf5","Universidad Autónoma Chapingo","Herbario","","",,,,,,,,"","","","","","","","","","","","","","",
"6d3b915d6ba64da7256eb4d7cc426194","Universidad Autónoma Chapingo","Herbario","","",,,,,,,,"","","","","","","","","","","","","","",
"8896929ab33e18f4accdd0eae7df805c","Universidad Autónoma Chapingo","Herbario","","",,,,,,,,"","","","","","","","","","","","","","",
"5614faef2d719ede4ba4600e0bac10a0","Universidad Autónoma Chapingo","Herbario","","",,,,,,,,"","Ziziphus amole","Hauenschild, Matuszak, Muellner-Riehl & Favre, 2016","1963","Plantae","Tracheophyta","Equisetopsida","Rosales","Rhamnaceae","Ziziphus","","amole","","(Sessé & Moc.) M.C. Johnst., 1963","sinónimo"
"40b139cd496ec9211b32b58ef5f5e420","Universidad Autónoma Chapingo","Herbario","","","MEXICO","VALIDO","NAYARIT","VALIDO","SAN BLAS","VALIDO","NO PROCESADO","","Lygodium venustum","Martínez-Cabrera, Hernández-Hernández, Isidro-Hernández, Hernández-Álvarez & Sánchez-González, 2019","1803","Plantae","Tracheophyta","Polypodiopsida","Schizaeales","Lygodiaceae","Lygodium","","venustum","","Sw., 1803","aceptado"
"7d3d352be5dc51073e2396f2659868eb","Universidad Autónoma Chapingo","Herbario","","",,,,,,,,"","","","","","","","","","","","","","",
"64709ce1bcc3e7077964520c8c7c2abc","Instituto de Investigaciones de Zonas Desérticas, Universidad Autónoma de San Luis Potosí","Herbario Isidro Palacios","","","MEXICO","VALIDO","NAYARIT","VALIDO","SANTIAGO IXCUINTLA","VALIDO","NO PROCESADO","","Sporobolus splendens","Dávila, Mejía-Saulés, Soriano-Martínez & Herrera-Arrieta, 2018","1958","Plantae","Tracheophyta","Equisetopsida","Poales","Poaceae","Sporobolus","","splendens","","Swallen, 1958","aceptado"
"efa2d8431f0a8f7f88609b9558ee322f","Instituto de Investigaciones de Zonas Desérticas, Universidad Autónoma de San Luis Potosí","Herbario Isidro Palacios","","","MEXICO","VALIDO","NAYARIT","VALIDO","TECUALA","VALIDO","NO PROCESADO","","Sesbania herbacea","Carnevali, Tapia-Muñoz, Duno de Stefano & Ramírez Morillo, 2010","1987","Plantae","Tracheophyta","Equisetopsida","Fabales","Fabaceae","Sesbania","","herbacea","","(Mill.) McVaugh, 1987","aceptado"
"b766e07c164d59dc51c597533bb01527","Instituto de Investigaciones de Zonas Desérticas, Universidad Autónoma de San Luis Potosí","Herbario Isidro Palacios","","","MEXICO","VALIDO","NAYARIT","VALIDO","TECUALA","VALIDO","NO PROCESADO","","Leucaena macrophylla","Grether, Martínez-Bernal, Luckow & Zárate, 2006","1844","Plantae","Tracheophyta","Equisetopsida","Fabales","Fabaceae","Leucaena","","macrophylla","","Benth., 1844","aceptado"
"089a953f78dcf9e567ba79a45f25944f","Instituto de Investigaciones de Zonas Desérticas, Universidad Autónoma de San Luis Potosí","Herbario Isidro Palacios","","","MEXICO","VALIDO","NAYARIT","VALIDO","TECUALA","VALIDO","NO PROCESADO","","Caesalpinia sclerocarpa","Ricker, Hernández, Sousa & Ochoterena, 2013","1919","Plantae","Tracheophyta","Equisetopsida","Fabales","Fabaceae","Caesalpinia","","sclerocarpa","","Standl., 1919","sinónimo"
"d82d4ee43590d33170bc51a3a7ad6b93","Instituto de Investigaciones de Zonas Desérticas, Universidad Autónoma de San Luis Potosí","Herbario Isidro Palacios","","","MEXICO","VALIDO","NAYARIT","VALIDO","SANTIAGO IXCUINTLA","VALIDO","NO PROCESADO","","Annona reticulata","Martínez Velarde & Fonseca, 2017","1753","Plantae","Tracheophyta","Equisetopsida","Magnoliales","Annonaceae","Annona","","reticulata","","L., 1753","aceptado"
"9be45ce243e30df0deb4e81e92b5151c","Instituto de Investigaciones de Zonas Desérticas, Universidad Autónoma de San Luis Potosí","Herbario Isidro Palacios","GOLFO DE CALIFORNIA","PANALES; ESTERO AGUA BRAVA","MEXICO","VALIDO","NAYARIT","VALIDO","TECUALA","VALIDO","NO PROCESADO","","Opuntia littoralis","Korotkova, Aquino, Arias, Eggli, Frank, Gómez-Hinostrosa, Guerrero, Hernández, Kohlbecker, Köhler et al., 2021","1905","Plantae","Tracheophyta","Equisetopsida","Caryophyllales","Cactaceae","Opuntia","","littoralis","","(Engelm.) Cockerell, 1905","aceptado"
